{
    "appartements": {
        "LinearRegression": 1.1998453903355555,
        "DecisionTreeRegressor": 0.49677106363096923,
        "RandomForestRegressor": 0.5188965056385143,
        "DecisionTreeRegressorOptimized": 1.067810432606421,
        "RandomForestRegressorOptimized": 0.41840607129304325,
        "XGBRegressor": 0.22952960111768306
    },
    "maisons": {
        "LinearRegression": 1.3965182444217863,
        "DecisionTreeRegressor": 2.857103876348896,
        "RandomForestRegressor": 1.5607430432692542,
        "DecisionTreeRegressorOptimized": 1.5920129653983146,
        "RandomForestRegressorOptimized": 1.5239019296336758,
        "XGBRegressor": 1.272143304232386
    }
}